fgname,class2,,,,
cation,Cation,,,,
anion,Anion,,,,
carbonyl compound,Ketone,,,,
aldehyde,Aldehyde,,,,
ketone,Ketone,,,,
thiocarbonyl compound,Thioketone,,,,
thioaldehyde,Thioaldehyde,,,,
thioketone,Thioketone,,,,
imine,Imine,,,,
hydrazone,Hydrazone,,,,
semicarbazone,"Urea, Imine",,,,
thiosemicarbazone,"Thiourea, Imine",,,,
oxime,Oxime,,,,
oxime ether,Oxime,,,,
ketene,Ketene,,,,
ketene acetal derivative,Ketene derivative,,,,
carbonyl hydrate,Alcohol,,,,
hemiacetal,"Ether, Alcohol",,,,
acetal,Ether,,,,
hemiaminal,"Ether, Amine",,,,
aminal,Amine,,,,
thiohemiaminal,"Thioether, Amine",,,,
thioacetal,Thioether,,,,
enamine,"Alkene, Amine",,,,
enol,"Alkene, Alcohol",,,,
enolether,"Alkene, Ether",,,,
hydroxy compound,Alcohol,,,,
alcohol,Alcohol,,,,
primary alcohol,Alcohol,,,,
secondary alcohol,Alcohol,,,,
tertiary alcohol,Alcohol,,,,
"1,2-diol","Alcohol, Alcohol",,,,
"1,2-aminoalcohol","Amine, Alcohol",,,,
phenol or hydroxyhetarene,Phenol,,,,
"1,2-diphenol","Phenol, Phenol",,,,
enediol,"Alkene, Alcohol, Alcohol",,,,
ether,Ether,,,,
dialkylether,Ether,,,,
alkylarylether,Ether,,,,
diarylether,Ether,,,,
thioether,Thioether,,,,
disulfide,Disulfide,,,,
peroxide,Peroxide,,,,
hydroperoxide,Peroxide,,,,
hydrazine derivative,Hydrazine derivative,,,,
hydroxylamine,"Amine, Ether",,,,
amine,Amine,,,,
primary amine,Amine,,,,
primary aliphatic amine (alkylamine),Amine,,,,
primary aromatic amine,Amine,,,,
secondary amine,Amine,,,,
secondary aliphatic amine,Amine,,,,
secondary aliphatic/aromatic amine (alkylarylamine),Amine,,,,
secondary aromatic amine,Amine,,,,
tertiary amine,Amine,,,,
tertiary aliphatic amine,Amine,,,,
tertiary aliphatic/aromatic amine (alkylarylamine),Amine,,,,
tertiary arom_amine,Amine,,,,
quaternary ammonium salt,Amine salt,,,,
N-oxide,Amine oxide,,,,
halogen derivative,Halogen,,,,
alkyl halide,Halogen,,,,
alkyl fluoride,Halogen,,,,
alkyl chloride,Halogen,,,,
alkyl bromide,Halogen,,,,
alkyl iodide,Halogen,,,,
aryl halide,Halogen,,,,
aryl fluoride,Halogen,,,,
aryl chloride,Halogen,,,,
aryl bromide,Halogen,,,,
aryl iodide,Halogen,,,,
organometallic compound,Organometallic,,,,
organolithium compound,Organometallic,,,,
organomagnesium compound,Organometallic,,,,
carboxylic acid derivative,Carboxylic acid derivative,,,,
carboxylic acid,Carboxylic acid,,,,
carboxylic acid salt,Carboxylic acid,,,,
carboxylic acid ester,"Ketone, Ether",,,,
lactone,Lactone,,,,
carboxylic acid amide,Amide,,,,
primary carboxylic acid amide,Amide,,,,
secondary carboxylic acid amide,Amide,,,,
tertiary carboxylic acid amide,Amide,,,,
lactam,Lactam,,,,
carboxylic acid hydrazide,"Ketone, Hydrazine",,,,
carboxylic acid azide,"Ketone, Azide",,,,
hydroxamic acid,"Amide, Alcohol",,,,
carboxylic acid amidine,Amidine,,,,
carboxylic acid amidrazone,"Amidine, Amine",,,,
nitrile,Nitrile,,,,
acyl halide,Acid halide,,,,
acyl fluoride,Acid halide,,,,
acyl chloride,Acid halide,,,,
acyl bromide,Acid halide,,,,
acyl iodide,Acid halide,,,,
acyl cyanide,"Ketone, Nitrile",,,,
imido ester,"Imine, Ether",,,,
imidoyl halide,"Imine, Halogen",,,,
thiocarboxylic acid derivative,Thioketone,,,,
thiocarboxylic acid,Thiocarboxylic acid,,,,
thiocarboxylic acid ester,Thioester,,,,
thiolactone,Thiolactone,,,,
thiocarboxylic acid amide,"Thioketone, Amine",,,,
thiolactam,Thiolactam,,,,
imidothioester,"Imine, Thioether",,,,
oxo(het)arene,Oxohetarene,,,,
thioxo(het)arene,Thioxohetarene,,,,
imino(het)arene,Iminohetarene,,,,
orthocarboxylic acid derivative,Carboxylic acid derivative,,,,
carboxylic acid orthoester,"Ether, Ether, Ether",,,,
carboxylic acid amide acetal,"Ether, Ether, Amine",,,,
carboxylic acid anhydride,Anhydride,,,,
carboxylic acid imide,Imide,,,,
"carboxylic acid imide, N-unsubstituted",Imide,,,,
carboxylic acid substituted imide,Imide,,,,
CO2 derivative (general),Carbon dioxide derivative,,,,
carbonic acid derivative,Carbon dioxide derivative,,,,
carbonic acid monoester,"Carboxylic acid, Ether",,,,
carbonic acid diester,"Ester, Ether",,,,
carbonic acid ester halide,"Acid halide, Ether",,,,
thiocarbonic acid derivative,"Thioacyl halide, Ether",,,,
thiocarbonic acid monoester,"Thiocarboxylic acid, Ether",,,,
thiocarbonic acid diester,"Thioester, Ether",,,,
thiocarbonic acid ester halide,"Thioacyl halide, Ether",,,,
carbamic acid deriv,"Ketone, Amine",,,,
carbamic acid,"Ketone, Amine, Alcohol",,,,
carbamic acid ester (urethane),"Amine, Ester",,,,
carbamic acid halide,"Acid halide, Amine",,,,
thiocarbamic acid derivative,Thioamide,,,,
thiocarbamic acid,"Thiocarboxylic acid, Amine",,,,
thiocarbamic acid ester,"Thioether, Amine",,,,
thiocarbamic acid halide,"Thioacyl halide, Amine",,,,
urea,Urea,,,,
isourea,Urea,,,,
thiourea,Thiourea,,,,
isothiourea,Thiourea,,,,
guanidine,Guanidine,,,,
semicarbazide,"Urea, Amine",,,,
thiosemicarbazide,"Thiourea, Amine",,,,
azide,Azide,,,,
azo compound,Azo,,,,
diazonium salt,Diazonium salt,,,,
isonitrile,Isonitrile,,,,
cyanate,Cyanate ester,,,,
isocyanate,Isocyanate,,,,
thiocyanate,Thiocyanate,,,,
isothiocyanate,Isothiocyanate,,,,
carbodiimide,Carbodiimide,,,,
nitroso compound,Nitroso compound,,,,
nitro compound,Nitro,,,,
nitrite,Alkyl nitrite,,,,
nitrate,Alkyl nitrate,,,,
sulfuric acid derivative,Sulfo,,,,
sulfuric acid,Sulfuric acid,,,,
sulfuric acid monoester,Sulfonic acid,,,,
sulfuric acid diester,Sulfonic acid,,,,
sulfuric acid amide ester,Sulfonamide,,,,
sulfuric acid amide,Sulfonamide,,,,
sulfuric acid diamide,"Sulfonamide, Sulfonamide",,,,
sulfuryl halide,Sulfonyl halide,,,,
sulfonic acid derivative,Sulfone,,,,
sulfonic acid,Sulfonic acid,,,,
sulfonic acid ester,Sulfonate,,,,
sulfonamide,Sulfonamide,,,,
sulfonyl halide,Sulfonyl halide,,,,
sulfone,Sulfone,,,,
sulfoxide,Sulfoxide,,,,
sulfinic acid derivative,Sulfoxide,,,,
sulfinic acid,Sulfinic acid,,,,
sulfinic acid ester,"Sulfoxide, Ether",,,,
sulfinic acid halide,Sulfinyl halide,,,,
sulfinic acid amide,"Sulfoxide, Amide",,,,
sulfenic acid derivative,Sulfide,,,,
sulfenic acid,"Sulfide, Alcohol",,,,
sulfenic acid ester,"Sulfide, Ester",,,,
sulfenic acid halide,Sulfenyl halide,,,,
sulfenic acid amide,"Sulfide, Amine",,,,
thiol,Thiol,,,,
alkylthiol,Thiol,,,,
arylthiol,Thiol,,,,
phosphoric acid derivative,Phosphine oxide,,,,
phosphoric acid,Phosphoric acid,,,,
phosphoric acid ester,Phosphinate,,,,
phosphoric acid halide,Phosphine halide,,,,
phosphoric acid amide,"Phosphine, Amine",,,,
thiophosphoric acid derivative,Thiophosphine,,,,
thiophosphoric acid,Thiophosphoric acid,,,,
thiophosphoric acid ester,Thiophosphinate,,,,
thiophosphoric acid halide,Thiophosphine halide,,,,
thiophosphoric acid amide,"Thiophosphine, Amine",,,,
phosphonic acid derivative,Phosphinate,,,,
phosphonic acid,Phosphonate,,,,
phosphonic acid ester,Phosphonate,,,,
phosphine,Phosphine,,,,
phosphinoxide,Phosphine oxide,,,,
boronic acid derivative,Boronic acid,,,,
boronic acid,Boronic acid,,,,
boronic acid ester,Boronic ester,,,,
alkene,Alkene,,,,
alkyne,Alkyne,,,,
aromatic compound,Aromatic,,,,
heterocyclic compound,Heterocyclic,,,,
alpha-aminoacid,Amino acid,,,,
alpha-hydroxyacid,"Carboxylic acid, Alcohol",,,,